[
{
    "idProducto": 1866,
    "sku": "TH-064",
    "nombre": "Cargador Circular",
    "descripcion": "\u003ch3\u003e\u003cstrong\u003ePrecio más IVA (no incluye grabado) \u003c/strong\u003e\u003c/h3\u003e\n\u003ch3\u003e\u003cstrong\u003eAplica descuento por volumen \u003c/strong\u003e\u003c/h3\u003e\nCargador circular para smartphone (ultima generación) con tecnología Wireless\n\nColores: Azul, Naranja, Negro, Rojo y Verde",
    "hasThumbnails": true,
    "hasDescuento": false,
    "precioAnterior": 0.0,
    "precioActual": 129.03,
    "rating": 4,
    "nuevoProducto": false,
    "masVendido": true,
    "created": "jul 23, 2019",
    "cantidad": 20,
    "urls": [
        {
            "idImg": 6683,
            "idProducto": 1866,
            "url": "https://www.detailsmexico.com/wp-content/uploads/2019/01/TH-064.jpg"
        },
        {
            "idImg": 6684,
            "idProducto": 1866,
            "url": "https://www.detailsmexico.com/wp-content/uploads/2019/01/30005440433g.jpg"
        },
        {
            "idImg": 6685,
            "idProducto": 1866,
            "url": "https://www.detailsmexico.com/wp-content/uploads/2019/01/TH-064.jpg"
        },
        {
            "idImg": 6686,
            "idProducto": 1866,
            "url": "https://www.detailsmexico.com/wp-content/uploads/2019/01/10286963242g.jpg"
        },
        {
            "idImg": 6687,
            "idProducto": 1866,
            "url": "https://www.detailsmexico.com/wp-content/uploads/2019/01/41579876764g.jpg"
        }
    ],
    "categorias": [
        {
            "idCategoria": 18,
            "descripcion": "Tecnología"
        }
    ],
    "subcategorias": [
        {
            "idCategoria": 18,
            "idSubcategoria": 33,
            "descripcion": "Bocinas"
        }
    ]
},
{
    "idProducto": 1905,
    "sku": "Z 1050",
    "nombre": "Bocina Speke",
    "descripcion": "\u003ch3\u003e\u003cstrong\u003ePrecio más IVA (no incluye grabado) \u003c/strong\u003e\u003c/h3\u003e\n\u003ch3\u003e\u003cstrong\u003eAplica descuento por volumen \u003c/strong\u003e\u003c/h3\u003e\n\u003cstrong\u003e \u003c/strong\u003eAudífonos Lascar (Audífonos bluetooth inalámbricos con batería recargable. Reproducción de música hasta 1.5 hrs aproximadamente. Incluye cable cargador USB y estuche para recargar los audífonos. Función manos libres.)\n\nMaterial: Plástico\n\nMedidas: 6.5 x 3.6 cm\n\nColores: Negro",
    "hasThumbnails": true,
    "hasDescuento": false,
    "precioAnterior": 0.0,
    "precioActual": 445.57,
    "rating": 4,
    "nuevoProducto": false,
    "masVendido": true,
    "created": "jul 23, 2019",
    "cantidad": 20,
    "urls": [
        {
            "idImg": 6865,
            "idProducto": 1905,
            "url": "https://www.detailsmexico.com/wp-content/uploads/2019/01/Z-1050-G.jpg"
        },
        {
            "idImg": 6866,
            "idProducto": 1905,
            "url": "https://www.detailsmexico.com/wp-content/uploads/2019/01/Z-1050-G.jpg"
        },
        {
            "idImg": 6867,
            "idProducto": 1905,
            "url": "https://www.detailsmexico.com/wp-content/uploads/2019/01/Z-1050-G_1.jpg"
        },
        {
            "idImg": 6868,
            "idProducto": 1905,
            "url": "https://www.detailsmexico.com/wp-content/uploads/2019/01/Z-1050-G_2.jpg"
        }
    ],
    "categorias": [
        {
            "idCategoria": 18,
            "descripcion": "Tecnología"
        }
    ],
    "subcategorias": [
        {
            "idCategoria": 18,
            "idSubcategoria": 33,
            "descripcion": "Bocinas"
        }
    ]
},
{
    "idProducto": 2476,
    "sku": "EL11013",
    "nombre": "Bocina/Stand Rollbar Bluetooth Ifidelity",
    "descripcion": "\u003ch3\u003e\u003cstrong\u003ePrecio más IVA (no incluye grabado) \u003c/strong\u003e\u003c/h3\u003e\n\u003ch3\u003e\u003cstrong\u003eAplica descuento por volumen \u003c/strong\u003e\u003c/h3\u003e\nEl stand te permite diferentes ángulos de vista y amplifica el sonido mientras se mira una película en tu Tableta o Smartphone. Escucha por más de 8 horas de reproducción ininterrumpida. Tiene un alcance de 10mts para funcionar con Bluetooth, incluye cable cargador de USB a micro USB.\n\nMaterial: Metal\n\nMedidas: 24.1x6x4 cm\n\nDisponible en colores: Negro",
    "hasThumbnails": true,
    "hasDescuento": false,
    "precioAnterior": 0.0,
    "precioActual": 1336.05,
    "rating": 4,
    "nuevoProducto": false,
    "masVendido": true,
    "created": "jul 23, 2019",
    "cantidad": 20,
    "urls": [
        {
            "idImg": 8702,
            "idProducto": 2476,
            "url": "https://www.detailsmexico.com/wp-content/uploads/2019/05/EL11013_1.jpg"
        },
        {
            "idImg": 8703,
            "idProducto": 2476,
            "url": "https://www.detailsmexico.com/wp-content/uploads/2019/05/EL11013_1.jpg"
        },
        {
            "idImg": 8704,
            "idProducto": 2476,
            "url": "https://www.detailsmexico.com/wp-content/uploads/2019/05/EL11013IFNG.jpg"
        }
    ],
    "categorias": [
        {
            "idCategoria": 18,
            "descripcion": "Tecnología"
        }
    ],
    "subcategorias": [
        {
            "idCategoria": 18,
            "idSubcategoria": 33,
            "descripcion": "Bocinas"
        }
    ]
},
{
    "idProducto": 2477,
    "sku": "EL11305",
    "nombre": "Bocina Gredo",
    "descripcion": "\u003ch3\u003e\u003cstrong\u003ePrecio más IVA (no incluye grabado) \u003c/strong\u003e\u003c/h3\u003e\n\u003ch3\u003e\u003cstrong\u003eAplica descuento por volumen \u003c/strong\u003e\u003c/h3\u003e\nBocina Bluetooth Gredo\n\nMaterial: Metal/Plástico\n\nMedidas: Consultar con un ejecutivo\n\nDisponible en colores: Plata",
    "hasThumbnails": true,
    "hasDescuento": false,
    "precioAnterior": 0.0,
    "precioActual": 220.8,
    "rating": 4,
    "nuevoProducto": false,
    "masVendido": true,
    "created": "jul 23, 2019",
    "cantidad": 20,
    "urls": [
        {
            "idImg": 8705,
            "idProducto": 2477,
            "url": "https://www.detailsmexico.com/wp-content/uploads/2019/05/EL11305PLPL.jpg"
        },
        {
            "idImg": 8706,
            "idProducto": 2477,
            "url": "https://www.detailsmexico.com/wp-content/uploads/2019/05/EL11305PLPL.jpg"
        }
    ],
    "categorias": [
        {
            "idCategoria": 18,
            "descripcion": "Tecnología"
        }
    ],
    "subcategorias": [
        {
            "idCategoria": 18,
            "idSubcategoria": 33,
            "descripcion": "Bocinas"
        }
    ]
},
{
    "idProducto": 2478,
    "sku": "EL11309",
    "nombre": "Bocina Bluetooth Next Bass",
    "descripcion": "\u003ch3\u003e\u003cstrong\u003ePrecio más IVA (no incluye grabado) \u003c/strong\u003e\u003c/h3\u003e\n\u003ch3\u003e\u003cstrong\u003eAplica descuento por volumen \u003c/strong\u003e\u003c/h3\u003e\nBocina Bluetooth NEXT recargable con batería de litio sistema multicanal 2.0, alcance de 10 metros. Incluye cable USB para carga y entrada para aux.\n\nMaterial: Plástico\n\nMedidas: 6.2x6.2x8.3\n\nDisponible en colores: Negro\n\n\u0026nbsp;",
    "hasThumbnails": true,
    "hasDescuento": false,
    "precioAnterior": 0.0,
    "precioActual": 237.79,
    "rating": 4,
    "nuevoProducto": false,
    "masVendido": true,
    "created": "jul 23, 2019",
    "cantidad": 20,
    "urls": [
        {
            "idImg": 8707,
            "idProducto": 2478,
            "url": "https://www.detailsmexico.com/wp-content/uploads/2019/05/EL11309NXNG.jpg"
        },
        {
            "idImg": 8708,
            "idProducto": 2478,
            "url": "https://www.detailsmexico.com/wp-content/uploads/2019/05/EL11309NXNG.jpg"
        }
    ],
    "categorias": [
        {
            "idCategoria": 18,
            "descripcion": "Tecnología"
        }
    ],
    "subcategorias": [
        {
            "idCategoria": 18,
            "idSubcategoria": 33,
            "descripcion": "Bocinas"
        }
    ]
},
{
    "idProducto": 2479,
    "sku": "EL11311",
    "nombre": "Bocina Bluetooth Next Shower",
    "descripcion": "\u003ch3\u003e\u003cstrong\u003ePrecio más IVA (no incluye grabado) \u003c/strong\u003e\u003c/h3\u003e\n\u003ch3\u003e\u003cstrong\u003eAplica descuento por volumen \u003c/strong\u003e\u003c/h3\u003e\nBocina Bluetooth NEXT resistente al agua con chupón adherible para usarla en la regadera, incluye micrófono alta voz para contestar llamadas, alcance de 10 metros. Tiempo de carga: 3 hrs.\n\nMaterial: Plástico\n\nMedidas: 8.4x5.9x8.4\n\nDisponible en colores: Negro",
    "hasThumbnails": true,
    "hasDescuento": false,
    "precioAnterior": 0.0,
    "precioActual": 177.9,
    "rating": 4,
    "nuevoProducto": false,
    "masVendido": true,
    "created": "jul 23, 2019",
    "cantidad": 20,
    "urls": [
        {
            "idImg": 8709,
            "idProducto": 2479,
            "url": "https://www.detailsmexico.com/wp-content/uploads/2019/05/EL11311NXNG.jpg"
        },
        {
            "idImg": 8710,
            "idProducto": 2479,
            "url": "https://www.detailsmexico.com/wp-content/uploads/2019/05/EL11311NXNG.jpg"
        }
    ],
    "categorias": [
        {
            "idCategoria": 18,
            "descripcion": "Tecnología"
        }
    ],
    "subcategorias": [
        {
            "idCategoria": 18,
            "idSubcategoria": 33,
            "descripcion": "Bocinas"
        }
    ]
},
{
    "idProducto": 2480,
    "sku": "EL11319",
    "nombre": "Bocina Bluetooth Budget Bump",
    "descripcion": "\u003ch3\u003e\u003cstrong\u003ePrecio más IVA (no incluye grabado) \u003c/strong\u003e\u003c/h3\u003e\n\u003ch3\u003e\u003cstrong\u003eAplica descuento por volumen \u003c/strong\u003e\u003c/h3\u003e\nBocina Bluetooth portátil con batería recargable. Tamaño compacto que facilita su transportación. Bluetooth con rango de alcance de 10 metros. 2 horas de reproducción con volumen máximo. Tiempo de carga de 1 hora.\n\nMaterial: Plástico\n\nMedidas: 8.2x6.7x3.2\n\nDisponible en colores: Negro, Blanco y Rojo",
    "hasThumbnails": true,
    "hasDescuento": false,
    "precioAnterior": 0.0,
    "precioActual": 294.25,
    "rating": 4,
    "nuevoProducto": false,
    "masVendido": true,
    "created": "jul 23, 2019",
    "cantidad": 20,
    "urls": [
        {
            "idImg": 8711,
            "idProducto": 2480,
            "url": "https://www.detailsmexico.com/wp-content/uploads/2019/05/EL11319PLBL.jpg"
        },
        {
            "idImg": 8712,
            "idProducto": 2480,
            "url": "https://www.detailsmexico.com/wp-content/uploads/2019/05/EL11319PLBL.jpg"
        },
        {
            "idImg": 8713,
            "idProducto": 2480,
            "url": "https://www.detailsmexico.com/wp-content/uploads/2019/05/EL11319PLNG.jpg"
        },
        {
            "idImg": 8714,
            "idProducto": 2480,
            "url": "https://www.detailsmexico.com/wp-content/uploads/2019/05/EL11319PLRJ.jpg"
        }
    ],
    "categorias": [
        {
            "idCategoria": 18,
            "descripcion": "Tecnología"
        }
    ],
    "subcategorias": [
        {
            "idCategoria": 18,
            "idSubcategoria": 33,
            "descripcion": "Bocinas"
        }
    ]
},
{
    "idProducto": 2481,
    "sku": "EL11325",
    "nombre": "Bocina Bluetooth Aluminio Morley",
    "descripcion": "\u003ch3\u003e\u003cstrong\u003ePrecio más IVA (no incluye grabado) \u003c/strong\u003e\u003c/h3\u003e\n\u003ch3\u003e\u003cstrong\u003eAplica descuento por volumen \u003c/strong\u003e\u003c/h3\u003e\nBocina Bluetooth con procesador de salida de 3 vatios. Micrófono integrado que permite hacer llamadas de conferencia en cualquier ubicación. Controlador de música para ajuste de volumen, cambio de canción y contestar llamada. Bluetooh con alcance de 10 metros y tiempo de reproducción de 3 horas. Tiempo de carga: 1,5 hrs. Incluye cable USB de carga y cable de audio de 3.5 mm\n\nMaterial: Aluminio/ Plástico\n\nMedidas: 6.3x4.3x6.3\n\nDisponible en colores: Dorado, Plata y Oro Rosado",
    "hasThumbnails": true,
    "hasDescuento": false,
    "precioAnterior": 0.0,
    "precioActual": 500.83,
    "rating": 4,
    "nuevoProducto": false,
    "masVendido": true,
    "created": "jul 23, 2019",
    "cantidad": 20,
    "urls": [
        {
            "idImg": 8715,
            "idProducto": 2481,
            "url": "https://www.detailsmexico.com/wp-content/uploads/2019/05/EL11325PLRO.jpg"
        },
        {
            "idImg": 8716,
            "idProducto": 2481,
            "url": "https://www.detailsmexico.com/wp-content/uploads/2019/05/EL11325PLDR.jpg"
        },
        {
            "idImg": 8717,
            "idProducto": 2481,
            "url": "https://www.detailsmexico.com/wp-content/uploads/2019/05/EL11325PLPL.jpg"
        },
        {
            "idImg": 8718,
            "idProducto": 2481,
            "url": "https://www.detailsmexico.com/wp-content/uploads/2019/05/EL11325PLRO.jpg"
        }
    ],
    "categorias": [
        {
            "idCategoria": 18,
            "descripcion": "Tecnología"
        }
    ],
    "subcategorias": [
        {
            "idCategoria": 18,
            "idSubcategoria": 33,
            "descripcion": "Bocinas"
        }
    ]
},
{
    "idProducto": 2482,
    "sku": "EL11327",
    "nombre": "Bocina Bluetooth Lynx High Sierra",
    "descripcion": "\u003ch3\u003e\u003cstrong\u003ePrecio más IVA (no incluye grabado) \u003c/strong\u003e\u003c/h3\u003e\n\u003ch3\u003e\u003cstrong\u003eAplica descuento por volumen \u003c/strong\u003e\u003c/h3\u003e\nBocina Bluetooth con dos canales de 4 watts, te permite escuchar música hasta a una distancia de 10 metros. Duración de la batería de 6 horas.\n\nMaterial: Plástico\n\nMedidas: 20.5x7.3x6.35\n\nDisponible en colores: Gris",
    "hasThumbnails": true,
    "hasDescuento": false,
    "precioAnterior": 0.0,
    "precioActual": 1473.9,
    "rating": 4,
    "nuevoProducto": false,
    "masVendido": true,
    "created": "jul 23, 2019",
    "cantidad": 20,
    "urls": [
        {
            "idImg": 8719,
            "idProducto": 2482,
            "url": "https://www.detailsmexico.com/wp-content/uploads/2019/05/EL11327HSGR.jpg"
        },
        {
            "idImg": 8720,
            "idProducto": 2482,
            "url": "https://www.detailsmexico.com/wp-content/uploads/2019/05/EL11327HSGR.jpg"
        }
    ],
    "categorias": [
        {
            "idCategoria": 18,
            "descripcion": "Tecnología"
        }
    ],
    "subcategorias": [
        {
            "idCategoria": 18,
            "idSubcategoria": 33,
            "descripcion": "Bocinas"
        }
    ]
},
{
    "idProducto": 2483,
    "sku": "EL11329",
    "nombre": "Bocina Bluetooth Next Tempo",
    "descripcion": "\u003ch3\u003e\u003cstrong\u003ePrecio más IVA (no incluye grabado) \u003c/strong\u003e\u003c/h3\u003e\n\u003ch3\u003e\u003cstrong\u003eAplica descuento por volumen \u003c/strong\u003e\u003c/h3\u003e\nBocina NEXT recargable, bluetooth con alcance de 10 metros, incluye cable USB para carga, entrada para auxiliar, tarjeta de memoria y radio FM. Capacidad de batería de 1200 mAH.\n\nMaterial: Plástico\n\nMedidas: 18x5.5x5.8\n\nDisponible en colores: Negro",
    "hasThumbnails": true,
    "hasDescuento": false,
    "precioAnterior": 0.0,
    "precioActual": 312.09,
    "rating": 4,
    "nuevoProducto": false,
    "masVendido": true,
    "created": "jul 23, 2019",
    "cantidad": 20,
    "urls": [
        {
            "idImg": 8721,
            "idProducto": 2483,
            "url": "https://www.detailsmexico.com/wp-content/uploads/2019/05/EL11329NXNG.jpg"
        },
        {
            "idImg": 8722,
            "idProducto": 2483,
            "url": "https://www.detailsmexico.com/wp-content/uploads/2019/05/EL11329_2.jpg"
        },
        {
            "idImg": 8723,
            "idProducto": 2483,
            "url": "https://www.detailsmexico.com/wp-content/uploads/2019/05/EL11329NXNG.jpg"
        }
    ],
    "categorias": [
        {
            "idCategoria": 18,
            "descripcion": "Tecnología"
        }
    ],
    "subcategorias": [
        {
            "idCategoria": 18,
            "idSubcategoria": 33,
            "descripcion": "Bocinas"
        }
    ]
},
{
    "idProducto": 2484,
    "sku": "EL11331",
    "nombre": "Bocina Ifidelity Bluetooth Milennium",
    "descripcion": "\u003ch3\u003e\u003cstrong\u003ePrecio más IVA (no incluye grabado) \u003c/strong\u003e\u003c/h3\u003e\n\u003ch3\u003e\u003cstrong\u003eAplica descuento por volumen \u003c/strong\u003e\u003c/h3\u003e\nOfrece audio original para dispositivos Bluetooth compatibles como iPhone, iPad o dispositivos Android, reproduzca música, películas y audio móvil tal como se crearon originalmente en el estudio, todo dentro de la palma de su mano, con el micrófono incorporado, te permite hacer llamadas en conferencia sobre la marcha a través de tu smarthphone o mediante aplicaciones de video chat como Skype, incluye cable de carga Micro USB a USB y cable Aux de 3.5 mm.\n\nMaterial: Metal/Plástico\n\nMedidas: 20x6.35x5.8\n\nDisponible en colores: Plata",
    "hasThumbnails": true,
    "hasDescuento": false,
    "precioAnterior": 0.0,
    "precioActual": 1618.43,
    "rating": 4,
    "nuevoProducto": false,
    "masVendido": true,
    "created": "jul 23, 2019",
    "cantidad": 20,
    "urls": [
        {
            "idImg": 8724,
            "idProducto": 2484,
            "url": "https://www.detailsmexico.com/wp-content/uploads/2019/05/EL11331IFGR.jpg"
        },
        {
            "idImg": 8725,
            "idProducto": 2484,
            "url": "https://www.detailsmexico.com/wp-content/uploads/2019/05/EL11331_2.jpg"
        },
        {
            "idImg": 8726,
            "idProducto": 2484,
            "url": "https://www.detailsmexico.com/wp-content/uploads/2019/05/EL11331IFGR.jpg"
        }
    ],
    "categorias": [
        {
            "idCategoria": 18,
            "descripcion": "Tecnología"
        }
    ],
    "subcategorias": [
        {
            "idCategoria": 18,
            "idSubcategoria": 33,
            "descripcion": "Bocinas"
        }
    ]
},
{
    "idProducto": 2485,
    "sku": "EL11333",
    "nombre": "Bocina Bluetooth Wifi Alexa",
    "descripcion": "\u003ch3\u003e\u003cstrong\u003ePrecio más IVA (no incluye grabado) \u003c/strong\u003e\u003c/h3\u003e\n\u003ch3\u003e\u003cstrong\u003eAplica descuento por volumen \u003c/strong\u003e\u003c/h3\u003e\nBocina Bluetooth y Wifi, se integra con el servicio de de Amazon Alexa. Te brinda 4 horas de reproducción, puede ser controlado usando la aplicación gratuita Music Mecca, es compatible con iHerta Radio, Amazon Music, Tunein, entre otros.\n\nMaterial: Plástico\n\nMedidas: 8.6x8.6x5\n\nDisponible en colores: Negro",
    "hasThumbnails": true,
    "hasDescuento": false,
    "precioAnterior": 0.0,
    "precioActual": 1184.36,
    "rating": 4,
    "nuevoProducto": false,
    "masVendido": true,
    "created": "jul 23, 2019",
    "cantidad": 20,
    "urls": [
        {
            "idImg": 8727,
            "idProducto": 2485,
            "url": "https://www.detailsmexico.com/wp-content/uploads/2019/05/EL11333PLNG.jpg"
        },
        {
            "idImg": 8728,
            "idProducto": 2485,
            "url": "https://www.detailsmexico.com/wp-content/uploads/2019/05/EL11333_2.jpg"
        },
        {
            "idImg": 8729,
            "idProducto": 2485,
            "url": "https://www.detailsmexico.com/wp-content/uploads/2019/05/EL11333PLNG.jpg"
        }
    ],
    "categorias": [
        {
            "idCategoria": 18,
            "descripcion": "Tecnología"
        }
    ],
    "subcategorias": [
        {
            "idCategoria": 18,
            "idSubcategoria": 33,
            "descripcion": "Bocinas"
        }
    ]
},
{
    "idProducto": 2486,
    "sku": "EL11335",
    "nombre": "Bocina Portátil Bluetooth Clip Mini",
    "descripcion": "\u003ch3\u003e\u003cstrong\u003e \u003c/strong\u003e\u003cstrong\u003ePrecio más IVA (no incluye grabado) \u003c/strong\u003e\u003c/h3\u003e\n\u003ch3\u003e\u003cstrong\u003eAplica descuento por volumen \u003c/strong\u003e\u003c/h3\u003e\nGran calidad de audio, altavoz Bluetooth con alcance de 10m. de distancia, cuenta con micrófono incorporado para llamadas, tiempo de reproducción: 2 horas, tiempo de carda: 1 hora.\n\nMaterial: Plástico\n\nMedidas: 3.5x3.5x3.5\n\nDisponible en colores: Azul, Blanco, Negro y Rojo",
    "hasThumbnails": true,
    "hasDescuento": false,
    "precioAnterior": 0.0,
    "precioActual": 200.22,
    "rating": 4,
    "nuevoProducto": false,
    "masVendido": true,
    "created": "jul 23, 2019",
    "cantidad": 20,
    "urls": [
        {
            "idImg": 8730,
            "idProducto": 2486,
            "url": "https://www.detailsmexico.com/wp-content/uploads/2019/05/EL11335PLNG.jpg"
        },
        {
            "idImg": 8731,
            "idProducto": 2486,
            "url": "https://www.detailsmexico.com/wp-content/uploads/2019/05/EL11335.jpg"
        },
        {
            "idImg": 8732,
            "idProducto": 2486,
            "url": "http://www.detailsmexico.com/wp-content/uploads/2019/05/EL11335PLAZ.jpg"
        },
        {
            "idImg": 8733,
            "idProducto": 2486,
            "url": "https://www.detailsmexico.com/wp-content/uploads/2019/05/EL11335PLBL.jpg"
        },
        {
            "idImg": 8734,
            "idProducto": 2486,
            "url": "https://www.detailsmexico.com/wp-content/uploads/2019/05/EL11335PLNG.jpg"
        },
        {
            "idImg": 8735,
            "idProducto": 2486,
            "url": "https://www.detailsmexico.com/wp-content/uploads/2019/05/EL11335PLRJ.jpg"
        }
    ],
    "categorias": [
        {
            "idCategoria": 18,
            "descripcion": "Tecnología"
        }
    ],
    "subcategorias": [
        {
            "idCategoria": 18,
            "idSubcategoria": 33,
            "descripcion": "Bocinas"
        }
    ]
},
{
    "idProducto": 2487,
    "sku": "EL11337",
    "nombre": "Bocina Bluetooth Block Outdoor",
    "descripcion": "\u003ch3\u003e\u003cstrong\u003ePrecio más IVA (no incluye grabado) \u003c/strong\u003e\u003c/h3\u003e\n\u003ch3\u003e\u003cstrong\u003eAplica descuento por volumen \u003c/strong\u003e\u003c/h3\u003e\nBocina Bluetooth con clasificación a prueba de agua de IP54, controles de volumen y micrófono, incluye cargado con entrada micro USB y cable auxiliar. Rango de Bluetooth de 10 metros, te brinda hasta 2 horas de sonido con máximo volumen, tiempo de carga: 1 hora\n\nMaterial: Plástico\n\nMedidas: 7.3x9.5x3.6\n\nDisponible en colores: Negro",
    "hasThumbnails": true,
    "hasDescuento": false,
    "precioAnterior": 0.0,
    "precioActual": 401.26,
    "rating": 4,
    "nuevoProducto": false,
    "masVendido": true,
    "created": "jul 23, 2019",
    "cantidad": 20,
    "urls": [
        {
            "idImg": 8736,
            "idProducto": 2487,
            "url": "https://www.detailsmexico.com/wp-content/uploads/2019/05/EL11337PLNG.jpg"
        },
        {
            "idImg": 8737,
            "idProducto": 2487,
            "url": "https://www.detailsmexico.com/wp-content/uploads/2019/05/EL11337_2.jpg"
        },
        {
            "idImg": 8738,
            "idProducto": 2487,
            "url": "https://www.detailsmexico.com/wp-content/uploads/2019/05/EL11337_3.jpg"
        },
        {
            "idImg": 8739,
            "idProducto": 2487,
            "url": "https://www.detailsmexico.com/wp-content/uploads/2019/05/EL11337PLNG.jpg"
        }
    ],
    "categorias": [
        {
            "idCategoria": 18,
            "descripcion": "Tecnología"
        }
    ],
    "subcategorias": [
        {
            "idCategoria": 18,
            "idSubcategoria": 33,
            "descripcion": "Bocinas"
        }
    ]
},
{
    "idProducto": 2778,
    "sku": "EL11157",
    "nombre": "Bocina Bluetooth Clip Clap",
    "descripcion": "\u003ch3\u003e\u003cstrong\u003ePrecio más IVA (no incluye grabado) \u003c/strong\u003e\u003c/h3\u003e\n\u003ch3\u003e\u003cstrong\u003eAplica descuento por volumen \u003c/strong\u003e\u003c/h3\u003e\nSonido de calidad en una forma pequeña que reproduce tu música desde cualquier dispositivo con Bluetooth. El rango de funcionamiento del Bluetooth es de 10 metros y duración de hasta 1.5 horas de música a volumen máximo con una sola carga.\n\nMaterial: Plástico\n\nMedidas:  4.3 cm (Alt.) x 1.8 cm (Prof.) x 12.4 cm (Ancho)\n\nDisponible en colores: Negro, Blanco y Azul Marino",
    "hasThumbnails": true,
    "hasDescuento": false,
    "precioAnterior": 0.0,
    "precioActual": 221.44,
    "rating": 4,
    "nuevoProducto": false,
    "masVendido": true,
    "created": "jul 23, 2019",
    "cantidad": 20,
    "urls": [
        {
            "idImg": 9734,
            "idProducto": 2778,
            "url": "https://www.detailsmexico.com/wp-content/uploads/2019/06/EL11157PLBL.jpg"
        },
        {
            "idImg": 9735,
            "idProducto": 2778,
            "url": "https://www.detailsmexico.com/wp-content/uploads/2019/06/EL11157PLAZ.jpg"
        },
        {
            "idImg": 9736,
            "idProducto": 2778,
            "url": "https://www.detailsmexico.com/wp-content/uploads/2019/06/EL11157PLBL.jpg"
        },
        {
            "idImg": 9737,
            "idProducto": 2778,
            "url": "https://www.detailsmexico.com/wp-content/uploads/2019/06/EL11157PLNG.jpg"
        }
    ],
    "categorias": [
        {
            "idCategoria": 18,
            "descripcion": "Tecnología"
        }
    ],
    "subcategorias": [
        {
            "idCategoria": 18,
            "idSubcategoria": 33,
            "descripcion": "Bocinas"
        }
    ]
}
]