[
{
    "idProducto": 2780,
    "sku": "EL11159",
    "nombre": "Bocina Bluetooth Tela Fashion",
    "descripcion": "\u003ch3\u003e\u003cstrong\u003e\u003cspan style\u003d\"font-family: Georgia, serif; color: #333333;\"\u003ePrecio más IVA (no incluye grabado) \u003c/span\u003e\u003c/strong\u003e\u003c/h3\u003e\n\u003ch3\u003e\u003cstrong\u003e\u003cspan style\u003d\"font-family: Georgia, serif; color: #333333;\"\u003eAplica descuento por volumen \u003c/span\u003e\u003c/strong\u003e\u003c/h3\u003e\nLa tela de la rejilla de la bocina es suave al tacto, pero tiene una potencia de salida de 3 watts. El rango de funcionamiento del Bluetooth es de 10 metros e incluye un cable cargador de Micro USB a USB. Tiempo de reproducción a volumen máximo de 2 horas. Tiempo de carga de 1.5 horas. Versión Bluetooth 4.2\n\n\u003cspan style\u003d\"font-family: \u0027Georgia\u0027,serif; color: #333333;\"\u003eMaterial: Plástico \u003c/span\u003e\n\n\u003cspan style\u003d\"font-family: \u0027Georgia\u0027,serif; color: #333333;\"\u003eMedidas: 10.2 cm (Alt.) x 3.8 cm (Prof.) x 6.1 cm (Ancho)\u003c/span\u003e\n\n\u003cspan style\u003d\"font-family: \u0027Georgia\u0027,serif; color: #333333;\"\u003eDisponible en colores: Blanco\u003c/span\u003e",
    "hasThumbnails": true,
    "hasDescuento": false,
    "precioAnterior": 0.0,
    "precioActual": 429.5,
    "rating": 4,
    "nuevoProducto": true,
    "masVendido": false,
    "created": "jul 23, 2019",
    "cantidad": 20,
    "urls": [
        {
            "idImg": 9743,
            "idProducto": 2780,
            "url": "https://www.detailsmexico.com/wp-content/uploads/2019/06/EL11159PLBL.jpg"
        },
        {
            "idImg": 9744,
            "idProducto": 2780,
            "url": "https://www.detailsmexico.com/wp-content/uploads/2019/06/EL11159PLBL.jpg"
        }
    ],
    "categorias": [
        {
            "idCategoria": 18,
            "descripcion": "Tecnología"
        }
    ],
    "subcategorias": [
        {
            "idCategoria": 18,
            "idSubcategoria": 33,
            "descripcion": "Bocinas"
        }
    ]
},
{
    "idProducto": 2781,
    "sku": "EL11161",
    "nombre": "Bocina Bluetooth Contra Agua Tahoe",
    "descripcion": "\u003ch3\u003e\u003cstrong\u003e\u003cspan style\u003d\"font-family: Georgia, serif; color: #333333;\"\u003ePrecio más IVA (no incluye grabado) \u003c/span\u003e\u003c/strong\u003e\u003c/h3\u003e\n\u003ch3\u003e\u003cstrong\u003e\u003cspan style\u003d\"font-family: Georgia, serif; color: #333333;\"\u003eAplica descuento por volumen \u003c/span\u003e\u003c/strong\u003e\u003c/h3\u003e\nCuerpo metálico duradero a prueba de agua (contra chorros de agua a baja presión). Se pueden sincronizar con otra bocina del mismo modelo para crear un verdadero sonido surround. Tiene controles para el micrófono y la música incorporados. El rango del Bluetooth es de 10 metros, versión 4.2. Tiempo de reproducción a volumen máximo de 8 horas. Tiempo de carga de 3 horas.\n\n\u003cspan style\u003d\"font-family: \u0027Georgia\u0027,serif; color: #333333;\"\u003eMaterial: Aluminio\u003c/span\u003e\n\n\u003cspan style\u003d\"font-family: \u0027Georgia\u0027,serif; color: #333333;\"\u003eMedidas: 8.9 cm (Alt.) x 4.3 cm (Prof.) x 8.9 cm (Ancho)\u003c/span\u003e\n\n\u003cspan style\u003d\"font-family: \u0027Georgia\u0027,serif; color: #333333;\"\u003eDisponible en colores: Gris\u003c/span\u003e",
    "hasThumbnails": true,
    "hasDescuento": false,
    "precioAnterior": 0.0,
    "precioActual": 705.93,
    "rating": 4,
    "nuevoProducto": true,
    "masVendido": false,
    "created": "jul 23, 2019",
    "cantidad": 20,
    "urls": [
        {
            "idImg": 9745,
            "idProducto": 2781,
            "url": "https://www.detailsmexico.com/wp-content/uploads/2019/06/EL11161PLGR.jpg"
        },
        {
            "idImg": 9746,
            "idProducto": 2781,
            "url": "https://www.detailsmexico.com/wp-content/uploads/2019/06/EL11161PLGR.jpg"
        }
    ],
    "categorias": [
        {
            "idCategoria": 18,
            "descripcion": "Tecnología"
        }
    ],
    "subcategorias": [
        {
            "idCategoria": 18,
            "idSubcategoria": 33,
            "descripcion": "Bocinas"
        }
    ]
},
{
    "idProducto": 2782,
    "sku": "EL11163",
    "nombre": "Bocina/ Cargador Wireless Forward",
    "descripcion": "\u003ch3\u003e\u003cstrong\u003e\u003cspan style\u003d\"font-family: Georgia, serif; color: #333333;\"\u003ePrecio más IVA (no incluye grabado) \u003c/span\u003e\u003c/strong\u003e\u003c/h3\u003e\n\u003ch3\u003e\u003cstrong\u003e\u003cspan style\u003d\"font-family: Georgia, serif; color: #333333;\"\u003eAplica descuento por volumen \u003c/span\u003e\u003c/strong\u003e\u003c/h3\u003e\nBocina Bluetooth con base de carga inalámbrica y salida de 3 whatts que produce un sonido nítido. Es capaz de cargar cualquier dispositivo compatible con carga inalámbrica. La batería integrada de 1,200 mAh hace que la música dure por más de 6 horas. Controles musicales incorporados y micrófono para funcionamiento de manos libres. El rango de alcance del Bluetooth es de 10 metros, versión Bluetooth 5.0\n\n\u003cspan style\u003d\"font-family: \u0027Georgia\u0027,serif; color: #333333;\"\u003eMaterial: Plástico \u003c/span\u003e\n\n\u003cspan style\u003d\"font-family: \u0027Georgia\u0027,serif; color: #333333;\"\u003eMedidas: 9.4 cm (Alt.) x 7.6 cm (Prof.) x 7.6 cm (Ancho)\u003c/span\u003e\n\n\u003cspan style\u003d\"font-family: \u0027Georgia\u0027,serif; color: #333333;\"\u003eDisponible en colores: Gris\u003c/span\u003e",
    "hasThumbnails": true,
    "hasDescuento": false,
    "precioAnterior": 0.0,
    "precioActual": 720.79,
    "rating": 4,
    "nuevoProducto": true,
    "masVendido": false,
    "created": "jul 23, 2019",
    "cantidad": 20,
    "urls": [
        {
            "idImg": 9747,
            "idProducto": 2782,
            "url": "https://www.detailsmexico.com/wp-content/uploads/2019/06/EL11163PLGR.jpg"
        },
        {
            "idImg": 9748,
            "idProducto": 2782,
            "url": "https://www.detailsmexico.com/wp-content/uploads/2019/06/EL11163PLGR.jpg"
        }
    ],
    "categorias": [
        {
            "idCategoria": 18,
            "descripcion": "Tecnología"
        }
    ],
    "subcategorias": [
        {
            "idCategoria": 18,
            "idSubcategoria": 33,
            "descripcion": "Bocinas"
        }
    ]
},
{
    "idProducto": 2783,
    "sku": "EL11321",
    "nombre": "Bocina Bluetooth C/Tela Fortune",
    "descripcion": "\u003ch3\u003e\u003cstrong\u003e\u003cspan style\u003d\"font-family: Georgia, serif; color: #333333;\"\u003ePrecio más IVA (no incluye grabado) \u003c/span\u003e\u003c/strong\u003e\u003c/h3\u003e\n\u003ch3\u003e\u003cstrong\u003e\u003cspan style\u003d\"font-family: Georgia, serif; color: #333333;\"\u003eAplica descuento por volumen \u003c/span\u003e\u003c/strong\u003e\u003c/h3\u003e\nBocina Bluetooth con un moderno diseño en tela con micrófono para hacer llamadas de conferencia. Controles que facilitan el ajuste de volumen y selección de tus canciones favoritas. Bluetooth con alcance de 10 metros. Incluye Micro USB y cable de audio de 3.5 mm. Tiempo de reproducción en volumen máximo de 3 horas. Tiempo de carga: 1.5 horas.\n\n\u003cspan style\u003d\"font-family: \u0027Georgia\u0027,serif; color: #333333;\"\u003eMaterial: Tela\u003c/span\u003e\n\n\u003cspan style\u003d\"font-family: \u0027Georgia\u0027,serif; color: #333333;\"\u003eMedidas: 10.1 cm (Fren.) X 10.1 cm (Alt.) X 10.1 cm (Prof.)\u003c/span\u003e\n\n\u003cspan style\u003d\"font-family: \u0027Georgia\u0027,serif; color: #333333;\"\u003eDisponible en colores: Beige y Negro\u003c/span\u003e",
    "hasThumbnails": true,
    "hasDescuento": false,
    "precioAnterior": 0.0,
    "precioActual": 726.74,
    "rating": 4,
    "nuevoProducto": true,
    "masVendido": false,
    "created": "jul 23, 2019",
    "cantidad": 20,
    "urls": [
        {
            "idImg": 9749,
            "idProducto": 2783,
            "url": "https://www.detailsmexico.com/wp-content/uploads/2019/06/EL11321PLBE.jpg"
        },
        {
            "idImg": 9750,
            "idProducto": 2783,
            "url": "https://www.detailsmexico.com/wp-content/uploads/2019/06/EL11321PLBE.jpg"
        },
        {
            "idImg": 9751,
            "idProducto": 2783,
            "url": "https://www.detailsmexico.com/wp-content/uploads/2019/06/EL11321PLNG.jpg"
        },
        {
            "idImg": 9752,
            "idProducto": 2783,
            "url": "https://www.detailsmexico.com/wp-content/uploads/2019/06/EL11321_1.jpg"
        },
        {
            "idImg": 9753,
            "idProducto": 2783,
            "url": "https://www.detailsmexico.com/wp-content/uploads/2019/06/EL11321_2.jpg"
        },
        {
            "idImg": 9754,
            "idProducto": 2783,
            "url": "https://www.detailsmexico.com/wp-content/uploads/2019/06/EL11321_3.jpg"
        }
    ],
    "categorias": [
        {
            "idCategoria": 18,
            "descripcion": "Tecnología"
        }
    ],
    "subcategorias": [
        {
            "idCategoria": 18,
            "idSubcategoria": 33,
            "descripcion": "Bocinas"
        }
    ]
},
{
    "idProducto": 2784,
    "sku": "EL11165",
    "nombre": "Bocina Alexa Wifi Bluetooth Vale",
    "descripcion": "\u003ch3\u003e\u003cstrong\u003e\u003cspan style\u003d\"font-family: Georgia, serif; color: #333333;\"\u003ePrecio más IVA (no incluye grabado) \u003c/span\u003e\u003c/strong\u003e\u003c/h3\u003e\n\u003ch3\u003e\u003cstrong\u003e\u003cspan style\u003d\"font-family: Georgia, serif; color: #333333;\"\u003eAplica descuento por volumen \u003c/span\u003e\u003c/strong\u003e\u003c/h3\u003e\nFunciona con Wi-Fi y Bluetooth y está integrado con el servicio de voz de Amazon Alexa. Con un tiempo de reproducción de hasta cinco horas con una sola carga y una salida de 5 watts, esta bocina te sorprenderá. Esta bocina se puede sincronizar con otros productos compatibles con Alexa y se puede controlar utilizando la aplicación gratuita. Es compatible con iHeart Radio, Amazon Music, Tunein y muchos más. Incluye un cable micro USB y un cable auxiliar de 3.5mm.\n\n\u003cspan style\u003d\"font-family: \u0027Georgia\u0027,serif; color: #333333;\"\u003eMaterial: Plástico \u003c/span\u003e\n\n\u003cspan style\u003d\"font-family: \u0027Georgia\u0027,serif; color: #333333;\"\u003eMedidas: 14.6 cm (Alt.\u003c/span\u003e\n\n\u003cspan style\u003d\"font-family: \u0027Georgia\u0027,serif; color: #333333;\"\u003eDisponible en colores: Negro\u003c/span\u003e",
    "hasThumbnails": true,
    "hasDescuento": false,
    "precioAnterior": 0.0,
    "precioActual": 2452.15,
    "rating": 4,
    "nuevoProducto": true,
    "masVendido": false,
    "created": "jul 23, 2019",
    "cantidad": 20,
    "urls": [
        {
            "idImg": 9755,
            "idProducto": 2784,
            "url": "https://www.detailsmexico.com/wp-content/uploads/2019/06/EL11165PLNG.jpg"
        },
        {
            "idImg": 9756,
            "idProducto": 2784,
            "url": "https://www.detailsmexico.com/wp-content/uploads/2019/06/EL11165PLNG.jpg"
        }
    ],
    "categorias": [
        {
            "idCategoria": 18,
            "descripcion": "Tecnología"
        }
    ],
    "subcategorias": [
        {
            "idCategoria": 18,
            "idSubcategoria": 33,
            "descripcion": "Bocinas"
        }
    ]
},
{
    "idProducto": 2893,
    "sku": "PC-112846",
    "nombre": "Bocina BT Presto",
    "descripcion": "\u003ch3\u003e\u003cstrong\u003e\u003cspan style\u003d\"font-family: \u0027Georgia\u0027,\u0027serif\u0027; color: #333333;\"\u003ePrecio más IVA (no incluye grabado) \u003c/span\u003e\u003c/strong\u003e\u003c/h3\u003e\n\u003ch3\u003e\u003cspan style\u003d\"font-family: \u0027Georgia\u0027,\u0027serif\u0027; color: #333333;\"\u003eVenta mínima 5 piezas\u003c/span\u003e\u003c/h3\u003e\n\u003cstrong\u003eDescripción:\u003c/strong\u003e\n\nBocina de diseño portátil. Transmite inalámbricamente tu música desde tu smartphone. Proteccion IPX7: Completamente a prueba de agua. Dual-bass pasivo para reforzar los bajos.\n\u003ctable id\u003d\"product-attribute-specs-table\" class\u003d\"data-table\"\u003e\n\u003ctbody\u003e\n\u003ctr class\u003d\"first odd\"\u003e\n\u003cth class\u003d\"label\"\u003eDIMENSIONES\u003c/th\u003e\n\u003ctd class\u003d\"data last\"\u003e7.10 x 7.30 x 16.90 cm\u003c/td\u003e\n\u003c/tr\u003e\n\u003ctr class\u003d\"even\"\u003e\n\u003cth class\u003d\"label\"\u003eFUNCIONES ESPECIALES\u003c/th\u003e\n\u003ctd class\u003d\"data last\"\u003eAlta-Fidelidad | Bluetooth | Recargable | Resistente al agua y polvo\u003c/td\u003e\n\u003c/tr\u003e\n\u003ctr class\u003d\"odd\"\u003e\n\u003cth class\u003d\"label\"\u003eCONECTOR\u003c/th\u003e\n\u003ctd class\u003d\"data last\"\u003e3.5 mm | Micro USB | Ranura memoria micro SD\u003c/td\u003e\n\u003c/tr\u003e\n\u003ctr class\u003d\"even\"\u003e\n\u003cth class\u003d\"label\"\u003eCONTENIDO\u003c/th\u003e\n\u003ctd class\u003d\"data last\"\u003e1 Bocina presto Bluetooth | cables de conexión 3.5 y carga micro USB| Guía de usuario\u003c/td\u003e\n\u003c/tr\u003e\n\u003ctr class\u003d\"odd\"\u003e\n\u003cth class\u003d\"label\"\u003eTIPO DE ALIMENTACIÓN\u003c/th\u003e\n\u003ctd class\u003d\"data last\"\u003eBatería recargable\u003c/td\u003e\n\u003c/tr\u003e\n\u003ctr class\u003d\"even\"\u003e\n\u003cth class\u003d\"label\"\u003eTIPO DE BATERÍA\u003c/th\u003e\n\u003ctd class\u003d\"data last\"\u003eBatería recargable de Ion- Litio\u003c/td\u003e\n\u003c/tr\u003e\n\u003ctr class\u003d\"odd\"\u003e\n\u003cth class\u003d\"label\"\u003eCOLORES\u003c/th\u003e\n\u003ctd class\u003d\"data last\"\u003eAzul | Negro\u003c/td\u003e\n\u003c/tr\u003e\n\u003ctr class\u003d\"even\"\u003e\n\u003cth class\u003d\"label\"\u003eTIEMPO DE CARGA\u003c/th\u003e\n\u003ctd class\u003d\"data last\"\u003e4 Horas\u003c/td\u003e\n\u003c/tr\u003e\n\u003ctr class\u003d\"odd\"\u003e\n\u003cth class\u003d\"label\"\u003eRANGO DE OPERACIÓN\u003c/th\u003e\n\u003ctd class\u003d\"data last\"\u003e10 Mts\u003c/td\u003e\n\u003c/tr\u003e\n\u003ctr class\u003d\"even\"\u003e\n\u003cth class\u003d\"label\"\u003eVOLTAJE Y CORRIENTE DE ENTRADA\u003c/th\u003e\n\u003ctd class\u003d\"data last\"\u003e5Vcc\u003c/td\u003e\n\u003c/tr\u003e\n\u003ctr class\u003d\"odd\"\u003e\n\u003cth class\u003d\"label\"\u003ePERFILES SOPORTADOS\u003c/th\u003e\n\u003ctd class\u003d\"data last\"\u003ePerfil Bluetooth® A2DP | Perfil Bluetooth® AVRCP | Perfil Bluetooth® HFP\u003c/td\u003e\n\u003c/tr\u003e\n\u003ctr class\u003d\"last even\"\u003e\n\u003cth class\u003d\"label\"\u003eACABADO\u003c/th\u003e\n\u003ctd class\u003d\"data last\"\u003eCaucho\u003c/td\u003e\n\u003c/tr\u003e\n\u003c/tbody\u003e\n\u003c/table\u003e",
    "hasThumbnails": true,
    "hasDescuento": false,
    "precioAnterior": 0.0,
    "precioActual": 1032.18,
    "rating": 4,
    "nuevoProducto": true,
    "masVendido": false,
    "created": "jul 23, 2019",
    "cantidad": 20,
    "urls": [
        {
            "idImg": 10263,
            "idProducto": 2893,
            "url": "https://www.detailsmexico.com/wp-content/uploads/2019/06/PC-112846.png"
        },
        {
            "idImg": 10264,
            "idProducto": 2893,
            "url": "https://www.detailsmexico.com/wp-content/uploads/2019/06/PC-112846-a.jpeg"
        },
        {
            "idImg": 10265,
            "idProducto": 2893,
            "url": "https://www.detailsmexico.com/wp-content/uploads/2019/06/PC-112846-b.jpeg"
        },
        {
            "idImg": 10266,
            "idProducto": 2893,
            "url": "https://www.detailsmexico.com/wp-content/uploads/2019/06/PC-112846-d.png"
        },
        {
            "idImg": 10267,
            "idProducto": 2893,
            "url": "https://www.detailsmexico.com/wp-content/uploads/2019/06/PC-112846-c.png"
        }
    ],
    "categorias": [
        {
            "idCategoria": 18,
            "descripcion": "Tecnología"
        }
    ],
    "subcategorias": [
        {
            "idCategoria": 18,
            "idSubcategoria": 33,
            "descripcion": "Bocinas"
        }
    ]
},
{
    "idProducto": 2895,
    "sku": "PC-112808",
    "nombre": "Bocina sumergible Cannonball",
    "descripcion": "\u003ch3\u003e\u003cstrong\u003e\u003cspan style\u003d\"font-family: \u0027Georgia\u0027,\u0027serif\u0027; color: #333333;\"\u003ePrecio más IVA (no incluye grabado) \u003c/span\u003e\u003c/strong\u003e\u003c/h3\u003e\n\u003ch3\u003e\u003cspan style\u003d\"font-family: \u0027Georgia\u0027,\u0027serif\u0027; color: #333333;\"\u003eVenta mínima 5 piezas\u003c/span\u003e\u003c/h3\u003e\n\u003cstrong\u003eDescripción:\u003c/strong\u003e\n\u003cdiv class\u003d\"wrapper\"\u003e\n\u003cdiv class\u003d\"page\"\u003e\n\u003cdiv class\u003d\"main-container col1-layout\"\u003e\n\u003cdiv class\u003d\"main\"\u003e\n\u003cdiv class\u003d\"col-main\"\u003e\n\u003cdiv class\u003d\"product-view\"\u003e\n\u003cdiv class\u003d\"product-collateral toggle-content tabs\"\u003e\n\u003cdl id\u003d\"collateral-tabs\" class\u003d\"collateral-tabs\"\u003e\n \t\u003cdd class\u003d\"tab-container current\"\u003e\n\u003cdiv class\u003d\"tab-content\"\u003e\n\u003cdiv class\u003d\"std\"\u003eBocina de diseño portátil, inalambrica bluetooth. Flota sobre el agua. Proteccion IPX7: Completamente a prueba de agua. Ranura para Memoria Micro SD. TWS conecta 2 en Stereo.\u003c/div\u003e\n\u003c/div\u003e\u003c/dd\u003e\n\u003c/dl\u003e\n\u003c/div\u003e\n\u003c/div\u003e\n\u003c/div\u003e\n\u003c/div\u003e\n\u003c/div\u003e\n\u003c/div\u003e\n\u003c/div\u003e\n\u003cdiv id\u003d\"wrapper\"\u003e\n\u003ctable id\u003d\"product-attribute-specs-table\" class\u003d\"data-table\"\u003e\n\u003ctbody\u003e\n\u003ctr class\u003d\"first odd\"\u003e\n\u003cth class\u003d\"label\"\u003eCONECTOR\u003c/th\u003e\n\u003ctd class\u003d\"data last\"\u003emicro USB (carga)\u003c/td\u003e\n\u003c/tr\u003e\n\u003ctr class\u003d\"even\"\u003e\n\u003cth class\u003d\"label\"\u003eCOLORES\u003c/th\u003e\n\u003ctd class\u003d\"data last\"\u003eAzul y gris\u003c/td\u003e\n\u003c/tr\u003e\n\u003ctr class\u003d\"odd\"\u003e\n\u003cth class\u003d\"label\"\u003eFUNCIONES ESPECIALES\u003c/th\u003e\n\u003ctd class\u003d\"data last\"\u003eTWS\u003c/td\u003e\n\u003c/tr\u003e\n\u003ctr class\u003d\"even\"\u003e\n\u003cth class\u003d\"label\"\u003eTIPO DE ALIMENTACIÓN\u003c/th\u003e\n\u003ctd class\u003d\"data last\"\u003e5 Vcc 500 mA\u003c/td\u003e\n\u003c/tr\u003e\n\u003ctr class\u003d\"odd\"\u003e\n\u003cth class\u003d\"label\"\u003eVOLTAJE Y CORRIENTE DE ENTRADA\u003c/th\u003e\n\u003ctd class\u003d\"data last\"\u003e5 Vcc\u003c/td\u003e\n\u003c/tr\u003e\n\u003ctr class\u003d\"even\"\u003e\n\u003cth class\u003d\"label\"\u003eDIMENSIONES\u003c/th\u003e\n\u003ctd class\u003d\"data last\"\u003e10 x 4 cm\u003c/td\u003e\n\u003c/tr\u003e\n\u003ctr class\u003d\"last odd\"\u003e\n\u003cth class\u003d\"label\"\u003eCONTENIDO\u003c/th\u003e\n\u003ctd class\u003d\"data last\"\u003e\"1 Bocina • 1 Gancho • 1 Cable de carga • 1 Guía de usuario\"\u003c/td\u003e\n\u003c/tr\u003e\n\u003c/tbody\u003e\n\u003c/table\u003e\n\u003c/div\u003e",
    "hasThumbnails": true,
    "hasDescuento": false,
    "precioAnterior": 0.0,
    "precioActual": 555.42,
    "rating": 4,
    "nuevoProducto": true,
    "masVendido": false,
    "created": "jul 23, 2019",
    "cantidad": 20,
    "urls": [
        {
            "idImg": 10273,
            "idProducto": 2895,
            "url": "https://www.detailsmexico.com/wp-content/uploads/2019/06/PC-112808.jpeg"
        },
        {
            "idImg": 10274,
            "idProducto": 2895,
            "url": "https://www.detailsmexico.com/wp-content/uploads/2019/06/PC-112808-a.png"
        },
        {
            "idImg": 10275,
            "idProducto": 2895,
            "url": "https://www.detailsmexico.com/wp-content/uploads/2019/06/PC-112808-b.png"
        },
        {
            "idImg": 10276,
            "idProducto": 2895,
            "url": "https://www.detailsmexico.com/wp-content/uploads/2019/06/PC-112808-c.png"
        },
        {
            "idImg": 10277,
            "idProducto": 2895,
            "url": "https://www.detailsmexico.com/wp-content/uploads/2019/06/PC-112822.png"
        },
        {
            "idImg": 10278,
            "idProducto": 2895,
            "url": "https://www.detailsmexico.com/wp-content/uploads/2019/06/PC-112822-b.png"
        },
        {
            "idImg": 10279,
            "idProducto": 2895,
            "url": "https://www.detailsmexico.com/wp-content/uploads/2019/06/PC-112822-a.png"
        }
    ],
    "categorias": [
        {
            "idCategoria": 18,
            "descripcion": "Tecnología"
        }
    ],
    "subcategorias": [
        {
            "idCategoria": 18,
            "idSubcategoria": 33,
            "descripcion": "Bocinas"
        }
    ]
}
]